"","Age","Biomassgpersqm"
"1",2,272.6868707711
"2",3,547.210431084187
"3",4,907.860413368033
"4",5,1457.5627077576
"5",6,2302.69050873521
"6",7,3602.04760820106
"7",8,5606.71165380801
"8",9,8760.00760962981
"9",10,10474.3184406944
"10",11,12076.4139562751
"11",12,13817.0300886107
"12",13,15719.6446906781
"13",14,17300.2074994244
"14",15,18376.8392063128
"15",16,19244.82805104
"16",17,20003.8023669867
"17",18,20713.3344470761
"18",19,21342.8398504735
"19",20,21942.4098045527
"20",21,22514.5197131456
"21",22,22935.4486816712
"22",23,23222.495380235
"23",24,23435.4980502001
"24",25,23615.118018712
"25",26,23776.3610015414
"26",27,23855.6850630254
"27",28,23934.4860239506
"28",29,23975.709782865
"29",30,24034.4273245754
"30",31,24103.101932957
"31",32,24154.8305800519
"32",33,24193.2245688899
"33",34,24250.9844895238
"34",35,24244.5340483862
"35",36,24362.1199424451
"36",37,24431.7976845099
"37",38,24463.051864003
"38",39,24555.1188740678
"39",40,24637.4303856876
"40",41,24743.3525787328
"41",42,24779.1286470865
"42",43,24861.0292410908
"43",44,24991.5817259841
"44",45,25054.6460819497
"45",46,25060.0827218016
"46",47,25127.258186996
"47",48,25184.0646782312
"48",49,25223.7135454983
"49",50,25285.6934399809
"50",51,25324.0285938341
"51",52,25383.1584336171
"52",53,25434.4686445668
"53",54,25496.8934502709
"54",55,25550.8791764749
"55",56,25684.3610608454
"56",57,25805.8089706762
"57",58,25870.3034274154
"58",59,25970.9897983302
"59",60,26049.8032469034
"60",61,26060.6027228877
"61",62,26068.4259803571
"62",63,26208.7327744206
"63",64,26309.5395263597
"64",65,26421.1825232174
"65",66,26499.1842248874
"66",67,26568.3355459747
"67",68,26577.0455115444
"68",69,26675.1510759473
"69",70,26781.2327138261
"70",71,26821.2856114006
"71",72,26910.0965803157
"72",73,27041.6491066993
"73",74,27072.9202234978
"74",75,27160.9965701958
"75",76,27324.1471163767
"76",77,27334.8173404278
"77",78,27426.8856083162
"78",79,27505.930839542
"79",80,27581.9866409326
"80",81,27733.3710616619
"81",82,27809.4229519834
"82",83,27827.0285162055
"83",84,27846.3516489396
"84",85,27859.56497578
"85",86,27922.9169389514
"86",87,28055.3489569551
"87",88,28134.5362870205
"88",89,28293.9428723337
"89",90,28415.7218934437
"90",91,28554.5332237655
"91",92,28658.4760011161
"92",93,28735.4283615238
"93",94,28773.2530588782
"94",95,28855.9923375849
"95",96,28938.0626666508
"96",97,28969.6055424634
"97",98,29046.6083080692
"98",99,29020.9945557358
"99",100,29130.7303646957
"100",101,29190.092325624
"101",102,29270.230633645
"102",103,29385.7361173891
"103",104,29456.604202946
"104",105,29574.5817195159
"105",106,29744.0900598768
"106",107,29921.840311604
"107",108,30007.7278891979
"108",109,30189.0971589235
"109",110,30236.1176522539
"110",111,30365.1434910861
"111",112,30430.4020684305
"112",113,30459.3008337207
"113",114,30405.6612054962
"114",115,30494.9201440635
"115",116,30606.3685190672
"116",117,30651.2851678845
"117",118,30689.2807855695
"118",119,30629.5072374821
"119",120,30750.8619867184
"120",121,30844.3272418919
"121",122,31003.7319471381
"122",123,30940.3440421515
"123",124,30993.1918475853
"124",125,31060.4345135037
"125",126,31112.4334625974
"126",127,31174.4334620907
"127",128,31219.9777316091
"128",129,31347.1438025546
"129",130,31303.9473203897
"130",131,31398.3632492813
"131",132,31494.6019731108
"132",133,31697.119944824
"133",134,31720.1655980834
"134",135,31746.3493902508
"135",136,31802.940564843
"136",137,31767.7172921528
"137",138,31855.1547049089
"138",139,32063.3188237177
"139",140,32151.1155551911
"140",141,32347.4186898944
"141",142,32414.3695275927
"142",143,32487.2941401737
"143",144,32607.9341926896
"144",145,32605.4013318103
"145",146,32722.7848613194
"146",147,32790.1392249599
"147",148,32970.4037950415
"148",149,32945.952880466
"149",150,32929.9082695597
"150",151,33014.3565945393
"151",152,33263.7459109375
"152",153,33346.3117486388
"153",154,33448.3630149119
"154",155,33485.8469445144
"155",156,33480.4241659035
"156",157,33515.710139559
"157",158,33735.7188809786
"158",159,33627.4689742745
"159",160,33768.2755045154
"160",161,33773.6979154681
"161",162,33822.7949416238
"162",163,34052.1676628305
"163",164,33999.2174296008
"164",165,34083.4582654474
"165",166,34129.888058487
"166",167,34213.5151208305
"167",168,34363.2638150084
"168",169,34493.4576719956
"169",170,34494.4869127293
"170",171,34550.8906947796
"171",172,34584.0487699066
"172",173,34755.2505237541
"173",174,34849.6042454894
"174",175,34963.1921537715
"175",176,35000.1021354043
"176",177,34924.061105927
"177",178,34980.8704705621
"178",179,35068.4538353737
"179",180,35165.5079581147
"180",181,35280.976103064
"181",182,35356.3659814381
"182",183,35515.8009082287
"183",184,35713.7368305288
"184",185,35835.7682594265
"185",186,35848.31414051
"186",187,36005.363104208
"187",188,35817.8011586176
"188",189,35940.7982899323
"189",190,35957.8199402426
"190",191,36092.403446554
"191",192,36135.9862032845
"192",193,35953.8220867009
"193",194,36037.6077972092
"194",195,36219.4003086019
"195",196,36299.2346497303
"196",197,36415.1388891915
"197",198,36649.4399819257
"198",199,36531.3806577233
"199",200,36744.6309760402
"200",201,36834.1774620993
"201",202,36802.0367234589
"202",203,36855.7645106776
"203",204,36992.9173644198
"204",205,37011.4753791369
"205",206,36975.4228128905
"206",207,37057.3614126773
"207",208,36816.7698751248
"208",209,36892.9892221307
"209",210,36986.6917278213
"210",211,37146.3271327478
"211",212,37216.5885155023
"212",213,37275.2749390168
"213",214,37417.1174632255
"214",215,37543.0755644389
"215",216,37739.1544282251
"216",217,37726.4260351246
"217",218,37890.6405043743
"218",219,38049.4512479106
"219",220,38222.4513667819
"220",221,38137.4381823731
"221",222,38241.6422671023
"222",223,38008.5353475182
"223",224,38095.1820737913
"224",225,38011.66282366
"225",226,37881.1667899996
"226",227,38007.382809269
"227",228,38049.0771631994
"228",229,37948.4099777114
"229",230,38051.6307592485
"230",231,37975.7639383912
"231",232,38102.7249806673
"232",233,38050.037750021
"233",234,37950.0343001614
"234",235,38004.7425150611
"235",236,37808.713843897
"236",237,37939.1329501357
"237",238,38098.9105968874
"238",239,37884.7104310112
"239",240,37971.1548189821
"240",241,38168.8390405626
"241",242,38250.231242378
"242",243,38253.4656961471
"243",244,38434.9994751066
"244",245,38565.759813501
"245",246,38668.8098021218
"246",247,38613.7439006809
"247",248,38622.9452608315
"248",249,38677.0123855808
"249",250,38708.7244069216
"250",251,38789.2247683329
"251",252,38919.951913862
"252",253,39030.702963352
"253",254,39111.1377779187
"254",255,38926.5671986464
"255",256,39089.6216702046
"256",257,39088.9979252161
"257",258,39315.519051473
"258",259,39520.7157614136
"259",260,39497.7319329156
"260",261,39618.0860018242
"261",262,39591.8922392288
"262",263,39859.9701862705
"263",264,39770.1538599553
"264",265,39820.040456898
"265",266,39981.2656046986
"266",267,40132.1864579189
"267",268,40134.3829316657
"268",269,40191.4284859802
"269",270,40001.2967329581
"270",271,40262.1481034237
"271",272,40521.7941794194
"272",273,40344.7269034269
"273",274,40336.3796463295
"274",275,40147.1815889798
"275",276,40282.6739939245
"276",277,39980.9073864835
"277",278,40237.9839082517
"278",279,40448.787565515
"279",280,40447.863157654
"280",281,40440.3005727879
"281",282,40615.0692320769
"282",283,40638.3581798679
"283",284,40519.9370288279
"284",285,40635.4521335016
"285",286,40776.3020220182
"286",287,40953.302198012
"287",288,40934.6575775371
"288",289,40956.467679429
"289",290,41087.4318148908
"290",291,41164.1558336808
"291",292,41410.6564576174
"292",293,41037.2429328002
"293",294,40991.4737633769
"294",295,40961.8709636244
"295",296,41051.4070436902
"296",297,40945.9890261975
"297",298,40827.1557003691
"298",299,41070.3709280577
"299",300,41123.2778408069
"300",301,41297.8154968745
"301",302,41538.2653935567
"302",303,41610.3304209139
"303",304,41664.6889321571
"304",305,41554.9975402504
"305",306,41710.0435316622
"306",307,41840.694623419
"307",308,41746.1477177519
"308",309,41980.9093486147
"309",310,42041.6035909615
"310",311,42215.6598716478
"311",312,42366.3400930742
"312",313,42414.8889836149
"313",314,42166.9281673475
"314",315,42184.4413523331
"315",316,42326.4674844133
"316",317,42179.8083753759
"317",318,42334.6589166729
"318",319,42478.9486097991
"319",320,42462.7275682074
"320",321,42385.8834313036
"321",322,42401.3551157421
"322",323,42333.5614065715
"323",324,42164.5961396398
"324",325,42259.2874914452
"325",326,42288.1271409012
"326",327,42181.3439985006
"327",328,42343.9625039409
"328",329,42461.418839108
"329",330,42480.4861109459
"330",331,42576.6856862405
"331",332,42521.1885237807
"332",333,42475.2036962124
"333",334,42583.2481565992
"334",335,42312.2517398327
"335",336,42264.5494035566
"336",337,42118.0269065188
"337",338,42003.7705692661
"338",339,41947.93299712
"339",340,42094.1663151671
"340",341,42315.7220370328
"341",342,42272.0372638849
"342",343,42414.0025124243
"343",344,42633.669643299
"344",345,42852.2714158499
"345",346,42987.9957683314
"346",347,43140.1761866297
"347",348,43244.3236844103
"348",349,43390.8380195598
"349",350,43331.1963189123
"350",351,43221.2304396142
"351",352,43072.4550497448
"352",353,42816.0370603185
"353",354,43031.1936711981
"354",355,42821.892050586
"355",356,42821.446463556
"356",357,43035.7822097773
"357",358,43008.5882023229
"358",359,43086.2801408572
"359",360,43171.5080391317
"360",361,43109.5462509809
"361",362,43157.8306595485
"362",363,43240.2596558867
"363",364,43335.6893588235
"364",365,43544.7511815197
"365",366,43362.3287490352
"366",367,43423.7228390286
"367",368,43337.8063713704
"368",369,43545.6139713817
"369",370,43616.1048037452
"370",371,43821.8160431741
"371",372,44026.4642118409
"372",373,44230.1331598084
"373",374,44433.1069575448
"374",375,44055.9908915872
"375",376,44087.0551238309
"376",377,44079.776725182
"377",378,44160.9123116038
"378",379,43928.8875972741
"379",380,44130.9382442804
"380",381,44137.7914209849
"381",382,44217.8721839967
"382",383,44205.8031070248
"383",384,44406.4472624582
"384",385,44098.3255335237
"385",386,43864.5880541919
"386",387,43551.5212167649
"387",388,43753.2212301461
"388",389,43870.0660522218
"389",390,43991.0937750993
"390",391,43976.1029767704
"391",392,43984.8354955497
"392",393,44007.3580961894
"393",394,44033.5363951894
"394",395,43789.3066218252
"395",396,43901.5982824452
"396",397,44100.066854127
"397",398,44042.2714498946
"398",399,44239.0353964723
"399",400,44122.0710620286
"400",401,43974.0225824794
"401",402,44169.685462401
"402",403,43989.7465816942
"403",404,44000.6770902458
"404",405,44195.7667163422
"405",406,44295.7610506447
"406",407,43991.5045146861
"407",408,44033.2729968567
"408",409,43600.0149398583
"409",410,43327.1335118475
"410",411,43522.4423718534
"411",412,43522.6501781996
"412",413,43335.3455260863
"413",414,43304.6061774791
"414",415,43500.4940509251
"415",416,43695.6942689315
"416",417,43890.028271593
"417",418,43918.4330567016
"418",419,43947.7645788475
"419",420,43874.419022875
"420",421,43851.3771935896
"421",422,44043.1719812098
"422",423,44234.1283852397
"423",424,44424.6000198448
"424",425,44614.6508260142
"425",426,44310.8687743299
"426",427,44100.7142040336
"427",428,44289.9670430278
"428",429,44478.6875027415
"429",430,44666.6030976365
"430",431,44314.9001460526
"431",432,44325.3475866716
"432",433,43974.039890373
"433",434,44035.9114599555
"434",435,44222.7322201298
"435",436,43958.4742993571
"436",437,43890.5887484949
"437",438,44076.3441990548
"438",439,44261.4938531269
"439",440,44245.2592411691
"440",441,44428.8072628117
"441",442,44339.9266333592
"442",443,44521.5891115342
"443",444,44287.7830041295
"444",445,43609.2285745901
"445",446,43574.5837077878
"446",447,43395.6189999
"447",448,43037.3904173277
"448",449,42950.4665756516
"449",450,42701.9901802001
"450",451,42884.8829740025
"451",452,42637.9649631828
"452",453,42512.6078049141
"453",454,41938.9588111448
"454",455,42122.2402520951
"455",456,42304.9407017793
"456",457,42318.2751696814
"457",458,41717.5795810446
"458",459,41437.4757257948
"459",460,41166.5489364131
"460",461,41184.9456941899
"461",462,41365.637191764
"462",463,41444.076144037
"463",464,41623.9622596794
"464",465,41803.088315293
"465",466,41796.1479048962
"466",467,41787.6651872627
"467",468,41549.3991254886
"468",469,41518.755468946
"469",470,41444.8776293335
"470",471,41197.9326055465
"471",472,40117.0224019845
"472",473,40296.3223889087
"473",474,40475.002934528
"474",475,40653.6556540694
"475",476,40831.6753895499
"476",477,41008.9781057121
"477",478,41185.8065144239
"478",479,40285.6899535631
"479",480,40094.0568957141
"480",481,39900.9272545369
"481",482,39887.0255810619
"482",483,40061.9627907328
"483",484,39580.6210773962
"484",485,39395.1841524426
"485",486,39300.1331327241
"486",487,39217.4823726878
"487",488,39392.7052099874
"488",489,39567.4207078427
"489",490,39166.6971811027
"490",491,39339.7486420837
"491",492,39236.1358905904
"492",493,39099.2843187163
"493",494,39025.5724084371
"494",495,38250.5929404737
"495",496,38199.3059510358
"496",497,38373.4672581207
"497",498,38214.4344705414
"498",499,38104.5786915057
"499",500,38275.7544799251
