"","Age","Carbongpersqm"
"1",2,136.34343538555
"2",3,273.605215542094
"3",4,453.930206684016
"4",5,728.7813538788
"5",6,1151.3452543676
"6",7,1801.02380410053
"7",8,2803.35582690401
"8",9,4380.00380481491
"9",10,5237.15922034718
"10",11,6038.20697813756
"11",12,6908.51504430537
"12",13,7859.82234533905
"13",14,8650.10374971221
"14",15,9188.41960315641
"15",16,9622.41402552002
"16",17,10001.9011834934
"17",18,10356.667223538
"18",19,10671.4199252367
"19",20,10971.2049022764
"20",21,11257.2598565728
"21",22,11467.7243408356
"22",23,11611.2476901175
"23",24,11717.7490251
"24",25,11807.559009356
"25",26,11888.1805007707
"26",27,11927.8425315127
"27",28,11967.2430119753
"28",29,11987.8548914325
"29",30,12017.2136622877
"30",31,12051.5509664785
"31",32,12077.415290026
"32",33,12096.612284445
"33",34,12125.4922447619
"34",35,12122.2670241931
"35",36,12181.0599712226
"36",37,12215.8988422549
"37",38,12231.5259320015
"38",39,12277.5594370339
"39",40,12318.7151928438
"40",41,12371.6762893664
"41",42,12389.5643235432
"42",43,12430.5146205454
"43",44,12495.7908629921
"44",45,12527.3230409748
"45",46,12530.0413609008
"46",47,12563.629093498
"47",48,12592.0323391156
"48",49,12611.8567727491
"49",50,12642.8467199905
"50",51,12662.014296917
"51",52,12691.5792168085
"52",53,12717.2343222834
"53",54,12748.4467251354
"54",55,12775.4395882374
"55",56,12842.1805304227
"56",57,12902.9044853381
"57",58,12935.1517137077
"58",59,12985.4948991651
"59",60,13024.9016234517
"60",61,13030.3013614438
"61",62,13034.2129901785
"62",63,13104.3663872103
"63",64,13154.7697631798
"64",65,13210.5912616087
"65",66,13249.5921124437
"66",67,13284.1677729873
"67",68,13288.5227557722
"68",69,13337.5755379736
"69",70,13390.6163569131
"70",71,13410.6428057003
"71",72,13455.0482901578
"72",73,13520.8245533497
"73",74,13536.4601117489
"74",75,13580.4982850979
"75",76,13662.0735581883
"76",77,13667.4086702139
"77",78,13713.4428041581
"78",79,13752.965419771
"79",80,13790.9933204663
"80",81,13866.685530831
"81",82,13904.7114759917
"82",83,13913.5142581028
"83",84,13923.1758244698
"84",85,13929.78248789
"85",86,13961.4584694757
"86",87,14027.6744784776
"87",88,14067.2681435103
"88",89,14146.9714361669
"89",90,14207.8609467218
"90",91,14277.2666118828
"91",92,14329.238000558
"92",93,14367.7141807619
"93",94,14386.6265294391
"94",95,14427.9961687924
"95",96,14469.0313333254
"96",97,14484.8027712317
"97",98,14523.3041540346
"98",99,14510.4972778679
"99",100,14565.3651823478
"100",101,14595.046162812
"101",102,14635.1153168225
"102",103,14692.8680586946
"103",104,14728.302101473
"104",105,14787.2908597579
"105",106,14872.0450299384
"106",107,14960.920155802
"107",108,15003.863944599
"108",109,15094.5485794617
"109",110,15118.0588261269
"110",111,15182.571745543
"111",112,15215.2010342153
"112",113,15229.6504168603
"113",114,15202.8306027481
"114",115,15247.4600720317
"115",116,15303.1842595336
"116",117,15325.6425839423
"117",118,15344.6403927848
"118",119,15314.7536187411
"119",120,15375.4309933592
"120",121,15422.163620946
"121",122,15501.865973569
"122",123,15470.1720210758
"123",124,15496.5959237926
"124",125,15530.2172567519
"125",126,15556.2167312987
"126",127,15587.2167310454
"127",128,15609.9888658046
"128",129,15673.5719012773
"129",130,15651.9736601949
"130",131,15699.1816246406
"131",132,15747.3009865554
"132",133,15848.559972412
"133",134,15860.0827990417
"134",135,15873.1746951254
"135",136,15901.4702824215
"136",137,15883.8586460764
"137",138,15927.5773524544
"138",139,16031.6594118589
"139",140,16075.5577775955
"140",141,16173.7093449472
"141",142,16207.1847637964
"142",143,16243.6470700869
"143",144,16303.9670963448
"144",145,16302.7006659051
"145",146,16361.3924306597
"146",147,16395.06961248
"147",148,16485.2018975208
"148",149,16472.976440233
"149",150,16464.9541347799
"150",151,16507.1782972696
"151",152,16631.8729554688
"152",153,16673.1558743194
"153",154,16724.1815074559
"154",155,16742.9234722572
"155",156,16740.2120829518
"156",157,16757.8550697795
"157",158,16867.8594404893
"158",159,16813.7344871372
"159",160,16884.1377522577
"160",161,16886.848957734
"161",162,16911.3974708119
"162",163,17026.0838314152
"163",164,16999.6087148004
"164",165,17041.7291327237
"165",166,17064.9440292435
"166",167,17106.7575604153
"167",168,17181.6319075042
"168",169,17246.7288359978
"169",170,17247.2434563647
"170",171,17275.4453473898
"171",172,17292.0243849533
"172",173,17377.6252618771
"173",174,17424.8021227447
"174",175,17481.5960768857
"175",176,17500.0510677022
"176",177,17462.0305529635
"177",178,17490.435235281
"178",179,17534.2269176869
"179",180,17582.7539790574
"180",181,17640.488051532
"181",182,17678.1829907191
"182",183,17757.9004541143
"183",184,17856.8684152644
"184",185,17917.8841297133
"185",186,17924.157070255
"186",187,18002.681552104
"187",188,17908.9005793088
"188",189,17970.3991449662
"189",190,17978.9099701213
"190",191,18046.201723277
"191",192,18067.9931016422
"192",193,17976.9110433505
"193",194,18018.8038986046
"194",195,18109.7001543009
"195",196,18149.6173248651
"196",197,18207.5694445957
"197",198,18324.7199909629
"198",199,18265.6903288616
"199",200,18372.3154880201
"200",201,18417.0887310497
"201",202,18401.0183617295
"202",203,18427.8822553388
"203",204,18496.4586822099
"204",205,18505.7376895684
"205",206,18487.7114064453
"206",207,18528.6807063386
"207",208,18408.3849375624
"208",209,18446.4946110653
"209",210,18493.3458639106
"210",211,18573.1635663739
"211",212,18608.2942577511
"212",213,18637.6374695084
"213",214,18708.5587316128
"214",215,18771.5377822195
"215",216,18869.5772141125
"216",217,18863.2130175623
"217",218,18945.3202521871
"218",219,19024.7256239553
"219",220,19111.2256833909
"220",221,19068.7190911865
"221",222,19120.8211335511
"222",223,19004.2676737591
"223",224,19047.5910368956
"224",225,19005.83141183
"225",226,18940.5833949998
"226",227,19003.6914046345
"227",228,19024.5385815997
"228",229,18974.2049888557
"229",230,19025.8153796242
"230",231,18987.8819691956
"231",232,19051.3624903337
"232",233,19025.0188750105
"233",234,18975.0171500807
"234",235,19002.3712575305
"235",236,18904.3569219485
"236",237,18969.5664750678
"237",238,19049.4552984437
"238",239,18942.3552155056
"239",240,18985.577409491
"240",241,19084.4195202813
"241",242,19125.115621189
"242",243,19126.7328480735
"243",244,19217.4997375533
"244",245,19282.8799067505
"245",246,19334.4049010609
"246",247,19306.8719503405
"247",248,19311.4726304157
"248",249,19338.5061927904
"249",250,19354.3622034608
"250",251,19394.6123841664
"251",252,19459.975956931
"252",253,19515.351481676
"253",254,19555.5688889593
"254",255,19463.2835993232
"255",256,19544.8108351023
"256",257,19544.498962608
"257",258,19657.7595257365
"258",259,19760.3578807068
"259",260,19748.8659664578
"260",261,19809.0430009121
"261",262,19795.9461196144
"262",263,19929.9850931353
"263",264,19885.0769299776
"264",265,19910.020228449
"265",266,19990.6328023493
"266",267,20066.0932289595
"267",268,20067.1914658328
"268",269,20095.7142429901
"269",270,20000.6483664791
"270",271,20131.0740517119
"271",272,20260.8970897097
"272",273,20172.3634517134
"273",274,20168.1898231647
"274",275,20073.5907944899
"275",276,20141.3369969622
"276",277,19990.4536932418
"277",278,20118.9919541259
"278",279,20224.3937827575
"279",280,20223.931578827
"280",281,20220.1502863939
"281",282,20307.5346160384
"282",283,20319.179089934
"283",284,20259.9685144139
"284",285,20317.7260667508
"285",286,20388.1510110091
"286",287,20476.651099006
"287",288,20467.3287887686
"288",289,20478.2338397145
"289",290,20543.7159074454
"290",291,20582.0779168404
"291",292,20705.3282288087
"292",293,20518.6214664001
"293",294,20495.7368816884
"294",295,20480.9354818122
"295",296,20525.7035218451
"296",297,20472.9945130987
"297",298,20413.5778501846
"298",299,20535.1854640288
"299",300,20561.6389204034
"300",301,20648.9077484372
"301",302,20769.1326967784
"302",303,20805.1652104569
"303",304,20832.3444660785
"304",305,20777.4987701252
"305",306,20855.0217658311
"306",307,20920.3473117095
"307",308,20873.073858876
"308",309,20990.4546743073
"309",310,21020.8017954807
"310",311,21107.8299358239
"311",312,21183.1700465371
"312",313,21207.4444918074
"313",314,21083.4640836738
"314",315,21092.2206761666
"315",316,21163.2337422066
"316",317,21089.9041876879
"317",318,21167.3294583364
"318",319,21239.4743048995
"319",320,21231.3637841037
"320",321,21192.9417156518
"321",322,21200.6775578711
"322",323,21166.7807032858
"323",324,21082.2980698199
"324",325,21129.6437457226
"325",326,21144.0635704506
"326",327,21090.6719992503
"327",328,21171.9812519705
"328",329,21230.709419554
"329",330,21240.2430554729
"330",331,21288.3428431203
"331",332,21260.5942618904
"332",333,21237.6018481062
"333",334,21291.6240782996
"334",335,21156.1258699163
"335",336,21132.2747017783
"336",337,21059.0134532594
"337",338,21001.885284633
"338",339,20973.96649856
"339",340,21047.0831575836
"340",341,21157.8610185164
"341",342,21136.0186319425
"342",343,21207.0012562121
"343",344,21316.8348216495
"344",345,21426.1357079249
"345",346,21493.9978841657
"346",347,21570.0880933149
"347",348,21622.1618422052
"348",349,21695.4190097799
"349",350,21665.5981594562
"350",351,21610.6152198071
"351",352,21536.2275248724
"352",353,21408.0185301592
"353",354,21515.596835599
"354",355,21410.946025293
"355",356,21410.723231778
"356",357,21517.8911048886
"357",358,21504.2941011615
"358",359,21543.1400704286
"359",360,21585.7540195658
"360",361,21554.7731254905
"361",362,21578.9153297742
"362",363,21620.1298279433
"363",364,21667.8446794117
"364",365,21772.3755907599
"365",366,21681.1643745176
"366",367,21711.8614195143
"367",368,21668.9031856852
"368",369,21772.8069856908
"369",370,21808.0524018726
"370",371,21910.908021587
"371",372,22013.2321059204
"372",373,22115.0665799042
"373",374,22216.5534787724
"374",375,22027.9954457936
"375",376,22043.5275619154
"376",377,22039.888362591
"377",378,22080.4561558019
"378",379,21964.443798637
"379",380,22065.4691221402
"380",381,22068.8957104924
"381",382,22108.9360919983
"382",383,22102.9015535124
"383",384,22203.2236312291
"384",385,22049.1627667618
"385",386,21932.2940270959
"386",387,21775.7606083825
"387",388,21876.610615073
"388",389,21935.0330261109
"389",390,21995.5468875497
"390",391,21988.0514883852
"391",392,21992.4177477749
"392",393,22003.6790480947
"393",394,22016.7681975947
"394",395,21894.6533109126
"395",396,21950.7991412226
"396",397,22050.0334270635
"397",398,22021.1357249473
"398",399,22119.5176982361
"399",400,22061.0355310143
"400",401,21987.0112912397
"401",402,22084.8427312005
"402",403,21994.8732908471
"403",404,22000.3385451229
"404",405,22097.8833581711
"405",406,22147.8805253223
"406",407,21995.7522573431
"407",408,22016.6364984284
"408",409,21800.0074699291
"409",410,21663.5667559237
"410",411,21761.2211859267
"411",412,21761.3250890998
"412",413,21667.6727630431
"413",414,21652.3030887395
"414",415,21750.2470254625
"415",416,21847.8471344657
"416",417,21945.0141357965
"417",418,21959.2165283508
"418",419,21973.8822894238
"419",420,21937.2095114375
"420",421,21925.6885967948
"421",422,22021.5859906049
"422",423,22117.0641926199
"423",424,22212.3000099224
"424",425,22307.3254130071
"425",426,22155.434387165
"426",427,22050.3571020168
"427",428,22144.9835215139
"428",429,22239.3437513708
"429",430,22333.3015488182
"430",431,22157.4500730263
"431",432,22162.6737933358
"432",433,21987.0199451865
"433",434,22017.9557299777
"434",435,22111.3661100649
"435",436,21979.2371496785
"436",437,21945.2943742474
"437",438,22038.1720995274
"438",439,22130.7469265634
"439",440,22122.6296205845
"440",441,22214.4036314058
"441",442,22169.9633166796
"442",443,22260.7945557671
"443",444,22143.8915020647
"444",445,21804.6142872951
"445",446,21787.2918538939
"446",447,21697.80949995
"447",448,21518.6952086638
"448",449,21475.2332878258
"449",450,21350.9950901
"450",451,21442.4414870012
"451",452,21318.9824815914
"452",453,21256.303902457
"453",454,20969.4794055724
"454",455,21061.1201260476
"455",456,21152.4703508897
"456",457,21159.1375848407
"457",458,20858.7897905223
"458",459,20718.7378628974
"459",460,20583.2744682066
"460",461,20592.472847095
"461",462,20682.818595882
"462",463,20722.0380720185
"463",464,20811.9811298397
"464",465,20901.5441576465
"465",466,20898.0739524481
"466",467,20893.8325936314
"467",468,20774.6995627443
"468",469,20759.377734473
"469",470,20722.4388146668
"470",471,20598.9663027733
"471",472,20058.5112009922
"472",473,20148.1611944544
"473",474,20237.501467264
"474",475,20326.8278270347
"475",476,20415.8376947749
"476",477,20504.489052856
"477",478,20592.9032572119
"478",479,20142.8449767815
"479",480,20047.028447857
"480",481,19950.4636272684
"481",482,19943.512790531
"482",483,20030.9813953664
"483",484,19790.3105386981
"484",485,19697.5920762213
"485",486,19650.066566362
"486",487,19608.7411863439
"487",488,19696.3526049937
"488",489,19783.7103539213
"489",490,19583.3485905514
"490",491,19669.8743210419
"491",492,19618.0679452952
"492",493,19549.6421593582
"493",494,19512.7862042186
"494",495,19125.2964702368
"495",496,19099.6529755179
"496",497,19186.7336290603
"497",498,19107.2172352707
"498",499,19052.2893457529
"499",500,19137.8772399626
