Row,Year,SingleFamilyHomes,MultiFamilyHomes,CommercialBuildings,ManufProds,Paper,Shipping,Repairs,Other,CO2eStorageinProducts,CO2eStorageInLandfillsandDumps,CO2eEmissionsfromLandfillandDumps,CH4EmissionsfromLandfillsandDumps_CO2e,CO2EmissionsfromLandfillsandDumps,BiogenicManufacturingEmissions,CradletoGateFossilEmissions_CO2e
1,1,0.182996289,0.011912462,0.050686577,0.083725655,0.277811518,0.061577222,0.173962433,0.099858787,0.942530942,0.052078442,5.89462E-06,5.89462E-06,0,0.514609137,0.241461704
2,2,0.181592331,0.011802874,0.050220291,0.082212284,0.241485849,0.045164871,0.169989125,0.098888238,0.881355863,0.097308644,0.016385272,6.07711E-06,0.016379195,0.514609137,0.241461704
3,3,0.180199145,0.011694295,0.049758296,0.080726267,0.209909998,0.03312695,0.166106568,0.097921577,0.829443096,0.134344946,0.032269862,0.000706597,0.031563265,0.514609137,0.241461704
4,4,0.178816648,0.011586715,0.04930055,0.079267111,0.182462896,0.02429753,0.162312689,0.096958984,0.785003121,0.16495748,0.047471849,0.001865783,0.045606066,0.514609137,0.241461704
5,5,0.177444757,0.011480124,0.048847015,0.077834329,0.158604681,0.017821441,0.158605462,0.096000628,0.746638437,0.190401699,0.062059915,0.003396227,0.058663688,0.514609137,0.241461704
6,6,0.176083391,0.011374514,0.048397652,0.076427445,0.137866084,0.013071442,0.154982908,0.095046674,0.713250111,0.21166342,0.075305908,0.004327154,0.070978754,0.514609137,0.241461704
7,7,0.17473247,0.011269875,0.047952424,0.075045992,0.119839193,0.009587473,0.151443094,0.094097277,0.683967798,0.229521756,0.087929292,0.005378937,0.082550355,0.514609137,0.241461704
8,8,0.173391913,0.011166199,0.047511291,0.073689508,0.104169437,0.007032097,0.147984129,0.093152584,0.658097158,0.244596471,0.099984113,0.006525633,0.09345848,0.514609137,0.241461704
9,9,0.172061641,0.011063477,0.047074216,0.072357544,0.090548603,0.005157812,0.144604167,0.092212736,0.635080196,0.257383755,0.111515151,0.007745521,0.10376963,0.514609137,0.241461704
10,10,0.170741575,0.0109617,0.046641162,0.071049655,0.078708782,0.003783086,0.141301403,0.091277867,0.61446523,0.268283368,0.122560221,0.009020408,0.113539814,0.514609137,0.241461704
11,11,0.169431636,0.010860859,0.046212092,0.069765407,0.068417095,0.002774769,0.138074074,0.090348104,0.595884038,0.277619335,0.133151858,0.010335068,0.122816789,0.514609137,0.241461704
12,12,0.168131748,0.010760946,0.045786969,0.068504372,0.059471113,0.002035202,0.134920458,0.089423568,0.579034377,0.285655799,0.143318537,0.011676774,0.131641763,0.514609137,0.241461704
13,13,0.166841832,0.010661952,0.045365757,0.067266131,0.051694877,0.001492754,0.131838871,0.088504373,0.563666547,0.292609241,0.153085575,0.013034905,0.14005067,0.514609137,0.241461704
14,14,0.165561812,0.010563868,0.04494842,0.066050272,0.044935435,0.001094886,0.128827667,0.087590627,0.549572987,0.29865795,0.162475777,0.014400623,0.148075154,0.514609137,0.241461704
15,15,0.164291613,0.010466687,0.044534922,0.064856389,0.039059833,0.000803063,0.125885239,0.086682433,0.536580179,0.303949417,0.171509926,0.015766603,0.155743324,0.514609137,0.241461704
16,16,0.163031159,0.0103704,0.044125228,0.063684086,0.033952505,0.00058902,0.123010016,0.085779887,0.524542302,0.30860613,0.180207131,0.017126798,0.163080333,0.514609137,0.241461704
17,17,0.161780375,0.010274999,0.043719303,0.062532974,0.029512993,0.000432027,0.120200463,0.084883079,0.513336214,0.312730165,0.188585092,0.018476251,0.170108841,0.514609137,0.241461704
18,18,0.160539188,0.010180475,0.043317112,0.061402668,0.025653977,0.000316878,0.117455081,0.083992097,0.502857475,0.316406838,0.196660299,0.019810925,0.176849373,0.514609137,0.241461704
19,19,0.159307522,0.010086821,0.042918621,0.060292792,0.022299552,0.000232419,0.114772403,0.083107019,0.49301715,0.319707627,0.204448178,0.021127568,0.183320609,0.514609137,0.241461704
20,20,0.158085306,0.009994028,0.042523796,0.059202978,0.01938374,0.000170472,0.112150998,0.082227921,0.483739241,0.322692537,0.21196321,0.022423591,0.189539619,0.514609137,0.241461704
21,21,0.156872467,0.009902089,0.042132603,0.058132863,0.016849189,0.000125036,0.109589465,0.081354875,0.474958589,0.325412016,0.219219021,0.023696967,0.195522054,0.514609137,0.241461704
22,22,0.155668933,0.009810996,0.041745009,0.057082091,0.014646048,9.17095E-05,0.107086439,0.080487944,0.46661917,0.32790852,0.226228452,0.024946146,0.201282307,0.514609137,0.241461704
23,23,0.154474633,0.009720741,0.041360981,0.056050311,0.012730982,6.72659E-05,0.104640581,0.079627192,0.458672687,0.330217804,0.233003621,0.026169979,0.206833642,0.514609137,0.241461704
24,24,0.153289495,0.009631316,0.040980485,0.055037182,0.011066323,4.93373E-05,0.102250587,0.078772674,0.4510774,0.332369984,0.239555971,0.027367655,0.212188316,0.514609137,0.241461704
25,25,0.15211345,0.009542714,0.04060349,0.054042365,0.009619329,3.61873E-05,0.09991518,0.077924444,0.443797159,0.334390421,0.245896317,0.028538651,0.217357666,0.514609137,0.241461704
26,26,0.150946428,0.009454927,0.040229963,0.05306553,0.008361539,2.65422E-05,0.097633114,0.077082549,0.436800591,0.336300463,0.252034881,0.029682677,0.222352204,0.514609137,0.241461704
27,27,0.149788358,0.009367947,0.039859872,0.052106351,0.007268213,1.94678E-05,0.095403171,0.076247034,0.430060415,0.338118056,0.257981326,0.030799645,0.227181681,0.514609137,0.241461704
28,28,0.148639174,0.009281768,0.039493185,0.05116451,0.006317847,1.4279E-05,0.093224159,0.07541794,0.423552863,0.339858272,0.263744791,0.03188963,0.231855161,0.514609137,0.241461704
29,29,0.147498806,0.009196382,0.039129872,0.050239693,0.005491747,1.04732E-05,0.091094917,0.074595304,0.417257194,0.341533741,0.269333915,0.032952842,0.236381072,0.514609137,0.241461704
30,30,0.146367188,0.00911178,0.038769901,0.049331593,0.004773665,7.68174E-06,0.089014306,0.073779158,0.411155273,0.343155024,0.274756867,0.033989604,0.240767263,0.514609137,0.241461704
31,31,0.145244251,0.009027958,0.038413242,0.048439906,0.004149477,5.63431E-06,0.086981216,0.072969534,0.405231218,0.344730928,0.280021372,0.035000325,0.245021047,0.514609137,0.241461704
32,32,0.144129929,0.008944906,0.038059864,0.047564337,0.003606906,4.13258E-06,0.084994563,0.072166456,0.399471094,0.346268773,0.285134733,0.035985488,0.249149245,0.514609137,0.241461704
33,33,0.143024156,0.008862618,0.037709736,0.046704595,0.00313528,3.03111E-06,0.083053284,0.071369949,0.39386265,0.347774618,0.290103856,0.036945631,0.253158225,0.514609137,0.241461704
34,34,0.141926867,0.008781088,0.03736283,0.045860393,0.002725321,2.22322E-06,0.081156345,0.070580033,0.3883951,0.349253454,0.294935267,0.037881335,0.257053932,0.514609137,0.241461704
35,35,0.140837997,0.008700307,0.037019115,0.045031449,0.002368968,1.63066E-06,0.079302731,0.069796725,0.383058923,0.35070937,0.29963514,0.038793214,0.260841926,0.514609137,0.241461704
36,36,0.13975748,0.00862027,0.036678562,0.04421749,0.00205921,1.19604E-06,0.077491454,0.069020039,0.3778457,0.352145694,0.30420931,0.039681903,0.264527407,0.514609137,0.241461704
37,37,0.138685253,0.008540968,0.036341141,0.043418243,0.001789955,8.77252E-07,0.075721547,0.068249987,0.372747972,0.353565112,0.308663295,0.040548053,0.268115242,0.514609137,0.241461704
38,38,0.137621253,0.008462397,0.036006825,0.042633442,0.001555906,6.43436E-07,0.073992064,0.067486577,0.367759108,0.354969768,0.313002312,0.041392323,0.271609988,0.514609137,0.241461704
39,39,0.136565415,0.008384548,0.035675585,0.041862827,0.001352461,4.71939E-07,0.072302083,0.066729816,0.362873208,0.356361355,0.317231295,0.042215376,0.275015919,0.514609137,0.241461704
40,40,0.135517678,0.008307415,0.035347391,0.041106142,0.001175618,3.46152E-07,0.070650701,0.065979707,0.358084999,0.357741188,0.321354912,0.043017872,0.27833704,0.514609137,0.241461704
41,41,0.134477979,0.008230992,0.035022217,0.040363133,0.001019609,2.53891E-07,0.069037037,0.065236252,0.353387474,0.359111794,0.32537834,0.043800465,0.281577875,0.514609137,0.241461704
42,42,0.133446256,0.008155272,0.034700034,0.039633555,0.000886034,1.48433E-07,0.067460229,0.06449945,0.348780979,0.36047081,0.329304284,0.044563816,0.284740468,0.514609137,0.241461704
43,43,0.13242245,0.008080248,0.034380815,0.038917164,0.000769958,1.07875E-07,0.065919435,0.063769296,0.344259475,0.361820281,0.333137383,0.045308545,0.287828838,0.514609137,0.241461704
44,44,0.131406497,0.008005915,0.034064532,0.038213723,0.000669088,7.83921E-08,0.064413833,0.063045787,0.339819455,0.363160601,0.336881389,0.046035274,0.290846115,0.514609137,0.241461704
45,45,0.13039834,0.007932266,0.03375116,0.037522996,0.000581433,5.69622E-08,0.062942619,0.062328915,0.335457785,0.364491982,0.340539843,0.04674461,0.293795233,0.514609137,0.241461704
46,46,0.129397917,0.007859294,0.03344067,0.036844754,0.000505261,4.13868E-08,0.061505008,0.061618669,0.331171614,0.365814514,0.344116101,0.047437145,0.296678955,0.514609137,0.241461704
47,47,0.128405169,0.007786993,0.033133036,0.036178772,0.000439068,3.00676E-08,0.060100232,0.060915039,0.326958339,0.367128199,0.34761334,0.048113455,0.299499885,0.514609137,0.241461704
48,48,0.127420038,0.007715357,0.032828232,0.035524828,0.000381547,2.18421E-08,0.05872754,0.060218012,0.322815577,0.368432965,0.351034572,0.048774097,0.302260476,0.514609137,0.241461704
49,49,0.126442464,0.007644381,0.032526233,0.034882704,0.000331562,1.58654E-08,0.057386202,0.059527572,0.318741133,0.369728686,0.354382651,0.049419611,0.30496304,0.514609137,0.241461704
50,50,0.125472391,0.007574057,0.032227011,0.034252186,0.000288125,1.1523E-08,0.056075499,0.058843704,0.314732985,0.371015192,0.357660281,0.05005052,0.30760976,0.514609137,0.241461704
51,51,0.12450976,0.007504381,0.031930543,0.033633066,0.000250379,8.36831E-09,0.054794733,0.058166388,0.310789257,0.372292287,0.360870028,0.050667329,0.310202699,0.514609137,0.241461704
52,52,0.123554514,0.007435345,0.031636801,0.033025136,0.000217577,6.07669E-09,0.053543219,0.057495606,0.306908205,0.373559752,0.364014328,0.051270524,0.312743804,0.514609137,0.241461704
53,53,0.122606597,0.007366944,0.031345762,0.032428195,0.000189073,4.41216E-09,0.052320291,0.056831335,0.303088201,0.374817357,0.36709549,0.051860574,0.315234916,0.514609137,0.241461704
54,54,0.121665953,0.007299173,0.0310574,0.031842043,0.000164303,3.20326E-09,0.051125293,0.056173554,0.299327723,0.376064868,0.370115708,0.052437929,0.317677779,0.514609137,0.241461704
55,55,0.120732525,0.007232025,0.030771691,0.031266487,0.000142778,2.32534E-09,0.04995759,0.055522238,0.295625337,0.377302049,0.373077066,0.053003025,0.320074041,0.514609137,0.241461704
56,56,0.119806259,0.007165495,0.03048861,0.030701334,0.000124073,1.68785E-09,0.048816557,0.054877362,0.291979692,0.378528669,0.375981544,0.053556278,0.322425266,0.514609137,0.241461704
57,57,0.118887099,0.007099577,0.030208134,0.030146396,0.000107818,1.22499E-09,0.047701585,0.054238899,0.28838951,0.379744506,0.378831024,0.054098089,0.324732935,0.514609137,0.241461704
58,58,0.117974991,0.007034265,0.029930238,0.029601489,9.36934E-05,8.88961E-10,0.04661208,0.053606822,0.284853578,0.380949346,0.381627297,0.054628844,0.326998453,0.514609137,0.241461704
59,59,0.11706988,0.006969554,0.029654898,0.029066432,8.14189E-05,6.53893E-10,0.045547458,0.052981102,0.281370743,0.382142989,0.384372065,0.05514891,0.329223155,0.514609137,0.241461704
60,60,0.116171714,0.006905438,0.029382091,0.028541045,7.07523E-05,4.74416E-10,0.044507153,0.052361708,0.277939902,0.383325249,0.387066951,0.055658643,0.331408308,0.514609137,0.241461704
61,61,0.115280438,0.006841912,0.029111794,0.028025156,6.14832E-05,3.39827E-10,0.043490608,0.05174861,0.274560002,0.384495954,0.389713499,0.056158382,0.333555117,0.514609137,0.241461704
62,62,0.114396,0.006778971,0.028843983,0.027518591,5.34284E-05,2.46495E-10,0.042497281,0.051141777,0.271230032,0.385654947,0.39231318,0.056648454,0.335664727,0.514609137,0.241461704
63,63,0.113518348,0.006716609,0.028578636,0.027021182,4.64289E-05,1.81233E-10,0.041526642,0.050541174,0.267949021,0.386802089,0.394867397,0.057129169,0.337738228,0.514609137,0.241461704
64,64,0.112647429,0.00665482,0.02831573,0.026532765,4.03463E-05,1.31426E-10,0.040578172,0.049946769,0.264716032,0.387937256,0.397377488,0.057600829,0.339776659,0.514609137,0.241461704
65,65,0.111783192,0.0065936,0.028055243,0.026053176,3.50606E-05,9.66351E-11,0.039651366,0.049358526,0.261530163,0.38906034,0.399844729,0.058063718,0.341781011,0.514609137,0.241461704
66,66,0.110925586,0.006532943,0.027797152,0.025582255,3.04674E-05,7.09466E-11,0.038745727,0.048776411,0.25839054,0.390171249,0.402270339,0.058518113,0.343752226,0.514609137,0.241461704
67,67,0.110074558,0.006472844,0.027541435,0.025119847,2.64759E-05,5.26555E-11,0.037860773,0.048200387,0.25529632,0.391269909,0.404655482,0.058964275,0.345691207,0.514609137,0.241461704
68,68,0.109230061,0.006413297,0.027288071,0.024665796,2.30073E-05,3.85953E-11,0.036996032,0.047630417,0.252246681,0.392356256,0.407001272,0.059402458,0.347598814,0.514609137,0.241461704
69,69,0.108392042,0.006354299,0.027037037,0.024219953,1.99932E-05,2.90883E-11,0.036151042,0.047066464,0.24924083,0.393430245,0.409308771,0.059832903,0.349475868,0.514609137,0.241461704
70,70,0.107560452,0.006295843,0.026788313,0.023782169,1.73739E-05,2.17971E-11,0.035325351,0.046508489,0.246277991,0.394491844,0.411578997,0.06025584,0.351323157,0.514609137,0.241461704
71,71,0.106735242,0.006237925,0.026541877,0.023352297,1.50978E-05,1.66969E-11,0.034518519,0.045956455,0.243357414,0.395541034,0.413812925,0.060671493,0.353141432,0.514609137,0.241461704
72,72,0.105916364,0.00618054,0.026297708,0.022930196,1.31198E-05,1.30781E-11,0.033730115,0.045410321,0.240478364,0.396577809,0.416011488,0.061080073,0.354931415,0.514609137,0.241461704
73,73,0.105103768,0.006123683,0.026055785,0.022515725,1.1401E-05,1.01128E-11,0.032959718,0.044870048,0.237640127,0.397602174,0.418175579,0.061481783,0.356693796,0.514609137,0.241461704
74,74,0.104297406,0.006067349,0.025816088,0.022108745,9.90738E-06,8.11208E-12,0.032206917,0.044335595,0.234842007,0.398614148,0.420306056,0.061876819,0.358429237,0.514609137,0.241461704
75,75,0.103497231,0.006011533,0.025578596,0.021709121,8.60942E-06,6.82216E-12,0.03147131,0.043806922,0.232083322,0.399613758,0.422403741,0.062265368,0.360138373,0.514609137,0.241461704
76,76,0.102703195,0.005956231,0.025343288,0.021316721,7.48151E-06,5.68978E-12,0.030752504,0.043283987,0.229363407,0.400601042,0.424469422,0.062647608,0.361821814,0.514609137,0.241461704
77,77,0.10191525,0.005901437,0.025110146,0.020931414,6.50136E-06,5.11728E-12,0.030050116,0.042766749,0.226681612,0.40157605,0.426503858,0.063023711,0.363480147,0.514609137,0.241461704
78,78,0.101133351,0.005847147,0.024879148,0.020553071,5.64962E-06,4.5909E-12,0.02936377,0.042255165,0.224037302,0.402538836,0.428507776,0.063393843,0.365113933,0.514609137,0.241461704
79,79,0.10035745,0.005793357,0.024650275,0.020181567,4.90947E-06,4.17163E-12,0.028693101,0.041749194,0.221429854,0.403489466,0.430481877,0.063758161,0.366723717,0.514609137,0.241461704
80,80,0.099587503,0.005740062,0.024423507,0.019816778,4.26628E-06,3.78142E-12,0.028037749,0.041248793,0.218858658,0.404428013,0.432426834,0.064116816,0.368310018,0.514609137,0.241461704
81,81,0.098823462,0.005687257,0.024198826,0.019458582,3.70734E-06,3.56391E-12,0.027397366,0.040753918,0.216323119,0.405354554,0.434343294,0.064469954,0.36987334,0.514609137,0.241461704
82,82,0.098065283,0.005634938,0.023976212,0.019106861,3.22165E-06,3.30883E-12,0.02677161,0.040264527,0.213822653,0.406269178,0.436231881,0.064817715,0.371414166,0.514609137,0.241461704
83,83,0.097312921,0.0055831,0.023755645,0.018761498,2.79958E-06,3.30883E-12,0.026160145,0.039780577,0.211356685,0.407171974,0.438093197,0.065160233,0.372932965,0.514609137,0.241461704
84,84,0.096566331,0.005531739,0.023537108,0.018422377,2.43281E-06,3.19737E-12,0.025562647,0.039302023,0.208924657,0.40806304,0.439927821,0.065497635,0.374430186,0.514609137,0.241461704
85,85,0.095825469,0.00548085,0.023320581,0.018089386,2.11409E-06,3.19737E-12,0.024978795,0.038828821,0.206526016,0.408942479,0.441736311,0.065830046,0.375906265,0.514609137,0.241461704
86,86,0.095090291,0.00543043,0.023106046,0.017762414,1.83712E-06,3.08108E-12,0.024408279,0.038360928,0.204160224,0.409810396,0.443519207,0.066157585,0.377361622,0.514609137,0.241461704
87,87,0.094360753,0.005380473,0.022893485,0.017441352,1.59644E-06,3.08108E-12,0.023850793,0.0378983,0.201826751,0.410666902,0.44527703,0.066480366,0.378796664,0.514609137,0.241461704
88,88,0.093636812,0.005330976,0.022682879,0.017126093,1.38729E-06,3.08108E-12,0.02330604,0.037440892,0.199525078,0.411512111,0.447010281,0.066798498,0.380211783,0.514609137,0.241461704
89,89,0.092918425,0.005281934,0.02247421,0.016816533,1.20555E-06,3.08108E-12,0.022773729,0.036988659,0.197254696,0.41234614,0.448719449,0.067112087,0.381607362,0.514609137,0.241461704
90,90,0.09220555,0.005233344,0.022267461,0.016512568,1.04761E-06,3.08108E-12,0.022253576,0.036541558,0.195015105,0.413169109,0.450405002,0.067421235,0.382983767,0.514609137,0.241461704
91,91,0.091498144,0.0051852,0.022062614,0.016214097,9.10361E-07,3.08108E-12,0.021745304,0.036099544,0.192805814,0.413981142,0.452067395,0.067726039,0.384341356,0.514609137,0.241461704
92,92,0.090796166,0.005137499,0.021859651,0.015921022,7.91095E-07,3.08108E-12,0.021248641,0.035662572,0.190626342,0.414782362,0.453707069,0.068026594,0.385680475,0.514609137,0.241461704
93,93,0.090099573,0.005090238,0.021658556,0.015633243,6.87454E-07,3.08108E-12,0.020763321,0.035230598,0.188476216,0.415572897,0.455324451,0.068322991,0.38700146,0.514609137,0.241461704
94,94,0.089408324,0.00504341,0.021459311,0.015350667,5.97391E-07,3.08108E-12,0.020289086,0.034803577,0.186354972,0.416352874,0.456919953,0.068615316,0.388304637,0.514609137,0.241461704
95,95,0.088722378,0.004997014,0.021261898,0.015073198,5.19127E-07,3.08108E-12,0.019825683,0.034381464,0.184262155,0.417122424,0.458493976,0.068903654,0.389590322,0.514609137,0.241461704
96,96,0.088041696,0.004951045,0.021066302,0.014800745,4.51117E-07,3.08108E-12,0.019372864,0.033964215,0.182197316,0.417881676,0.460046909,0.069188087,0.390858823,0.514609137,0.241461704
97,97,0.087366235,0.004905498,0.020872505,0.014533216,3.92016E-07,3.08108E-12,0.018930387,0.033551784,0.180160017,0.418630763,0.46157913,0.069468692,0.392110438,0.514609137,0.241461704
98,98,0.086695956,0.004860371,0.02068049,0.014270523,3.40658E-07,3.08108E-12,0.018498016,0.033144129,0.178149826,0.419369816,0.463091003,0.069745546,0.393345457,0.514609137,0.241461704
99,99,0.08603082,0.004815658,0.020490243,0.014012578,2.96029E-07,3.08108E-12,0.018075521,0.032741203,0.176166319,0.420098969,0.464582885,0.070018721,0.394564164,0.514609137,0.241461704
100,100,0.085370787,0.004771357,0.020301745,0.013759295,2.57246E-07,3.08108E-12,0.017662675,0.032342963,0.174209081,0.420818352,0.466055122,0.070288289,0.395766833,0.514609137,0.241461704
